direction,control,condition,n_participants,mean_M,mean_SD,rmse_M,rmse_SD,mae_M,mae_SD,cv_M,cv_SD,delta_f_M,delta_f_SD,avg_delta_M,avg_delta_SD
parallel,ff_pid,parallel_FF+PID,20,0.4245,0.00984,0.06433,0.01353,0.05696,0.01119,13.8595,2.83305,0.10014,0.01769,0.00617,0.00165
parallel,pid_only,parallel_PID,20,0.41617,0.0018,0.07657,0.01102,0.06612,0.01044,17.983,2.59108,0.12536,0.02765,0.00758,0.00146
orthogonal,ff_pid,orthogonal_FF+PID,20,0.39159,0.014,0.04144,0.00679,0.03585,0.00612,9.781,1.6216,0.03437,0.01575,0.00937,0.0017
orthogonal,pid_only,orthogonal_PID,20,0.40955,0.0046,0.0982,0.01606,0.07938,0.00987,23.873,3.66439,0.03447,0.02662,0.02231,0.00285
